"series_code","period","value","vintage"
"PPC30000","2012-01",48.8,"2026-08-26 16:01:36"
"PPC30000","2012-02",49.2,"2026-08-26 16:01:36"
"PPC30000","2012-03",49.5,"2026-08-26 16:01:36"
"PPC30000","2012-04",49.8,"2026-08-26 16:01:36"
"PPC30000","2012-05",50.2,"2026-08-26 16:01:36"
"PPC30000","2012-06",50.1,"2026-08-26 16:01:36"
"PPC30000","2012-07",50.1,"2026-08-26 16:01:36"
"PPC30000","2012-08",50.5,"2026-08-26 16:01:36"
"PPC30000","2012-09",50.6,"2026-08-26 16:01:36"
"PPC30000","2012-10",51.1,"2026-08-26 16:01:36"
"PPC30000","2012-11",51.5,"2026-08-26 16:01:36"
"PPC30000","2012-12",51.3,"2026-08-26 16:01:36"
"PPC30000","2013-01",51.5,"2026-08-26 16:01:36"
"PPC30000","2013-02",51.9,"2026-08-26 16:01:36"
"PPC30000","2013-03",52.3,"2026-08-26 16:01:36"
"PPC30000","2013-04",52.5,"2026-08-26 16:01:36"
"PPC30000","2013-05",52.7,"2026-08-26 16:01:36"
"PPC30000","2013-06",53.1,"2026-08-26 16:01:36"
"PPC30000","2013-07",53.4,"2026-08-26 16:01:36"
"PPC30000","2013-08",53.8,"2026-08-26 16:01:36"
"PPC30000","2013-09",54.1,"2026-08-26 16:01:36"
"PPC30000","2013-10",54.3,"2026-08-26 16:01:36"
"PPC30000","2013-11",54.4,"2026-08-26 16:01:36"
"PPC30000","2013-12",54.6,"2026-08-26 16:01:36"
"PPC30000","2014-01",55.2,"2026-08-26 16:01:36"
"PPC30000","2014-02",55.8,"2026-08-26 16:01:36"
"PPC30000","2014-03",56.6,"2026-08-26 16:01:36"
"PPC30000","2014-04",57.1,"2026-08-26 16:01:36"
"PPC30000","2014-05",57.2,"2026-08-26 16:01:36"
"PPC30000","2014-06",57.4,"2026-08-26 16:01:36"
"PPC30000","2014-07",57.6,"2026-08-26 16:01:36"
"PPC30000","2014-08",57.6,"2026-08-26 16:01:36"
"PPC30000","2014-09",57.7,"2026-08-26 16:01:36"
"PPC30000","2014-10",57.9,"2026-08-26 16:01:36"
"PPC30000","2014-11",57.9,"2026-08-26 16:01:36"
"PPC30000","2014-12",57.8,"2026-08-26 16:01:36"
"PPC30000","2015-01",57.1,"2026-08-26 16:01:36"
"PPC30000","2015-02",57.3,"2026-08-26 16:01:36"
"PPC30000","2015-03",58.3,"2026-08-26 16:01:36"
"PPC30000","2015-04",58.8,"2026-08-26 16:01:36"
"PPC30000","2015-05",59.3,"2026-08-26 16:01:36"
"PPC30000","2015-06",59.5,"2026-08-26 16:01:36"
"PPC30000","2015-07",59.6,"2026-08-26 16:01:36"
"PPC30000","2015-08",59.6,"2026-08-26 16:01:36"
"PPC30000","2015-09",59.8,"2026-08-26 16:01:36"
"PPC30000","2015-10",60.3,"2026-08-26 16:01:36"
"PPC30000","2015-11",60.4,"2026-08-26 16:01:36"
"PPC30000","2015-12",60.5,"2026-08-26 16:01:36"
"PPC30000","2016-01",61.5,"2026-08-26 16:01:36"
"PPC30000","2016-02",62,"2026-08-26 16:01:36"
"PPC30000","2016-03",62.5,"2026-08-26 16:01:36"
"PPC30000","2016-04",63,"2026-08-26 16:01:36"
"PPC30000","2016-05",63.1,"2026-08-26 16:01:36"
"PPC30000","2016-06",63.5,"2026-08-26 16:01:36"
"PPC30000","2016-07",64,"2026-08-26 16:01:36"
"PPC30000","2016-08",63.9,"2026-08-26 16:01:36"
"PPC30000","2016-09",63.8,"2026-08-26 16:01:36"
"PPC30000","2016-10",64.3,"2026-08-26 16:01:36"
"PPC30000","2016-11",64.5,"2026-08-26 16:01:36"
"PPC30000","2016-12",64.8,"2026-08-26 16:01:36"
"PPC30000","2017-01",65.1,"2026-08-26 16:01:36"
"PPC30000","2017-02",65.5,"2026-08-26 16:01:36"
"PPC30000","2017-03",65.7,"2026-08-26 16:01:36"
"PPC30000","2017-04",65.9,"2026-08-26 16:01:36"
"PPC30000","2017-05",66.2,"2026-08-26 16:01:36"
"PPC30000","2017-06",66,"2026-08-26 16:01:36"
"PPC30000","2017-07",66.4,"2026-08-26 16:01:36"
"PPC30000","2017-08",66.6,"2026-08-26 16:01:36"
"PPC30000","2017-09",67,"2026-08-26 16:01:36"
"PPC30000","2017-10",67.5,"2026-08-26 16:01:36"
"PPC30000","2017-11",67.8,"2026-08-26 16:01:36"
"PPC30000","2017-12",68.2,"2026-08-26 16:01:36"
"PPC30000","2018-01",68.4,"2026-08-26 16:01:36"
"PPC30000","2018-02",68.2,"2026-08-26 16:01:36"
"PPC30000","2018-03",68.1,"2026-08-26 16:01:36"
"PPC30000","2018-04",68.8,"2026-08-26 16:01:36"
"PPC30000","2018-05",69.3,"2026-08-26 16:01:36"
"PPC30000","2018-06",69.9,"2026-08-26 16:01:36"
"PPC30000","2018-07",70.3,"2026-08-26 16:01:36"
"PPC30000","2018-08",70.8,"2026-08-26 16:01:36"
"PPC30000","2018-09",71.2,"2026-08-26 16:01:36"
"PPC30000","2018-10",72.2,"2026-08-26 16:01:36"
"PPC30000","2018-11",72.4,"2026-08-26 16:01:36"
"PPC30000","2018-12",71.8,"2026-08-26 16:01:36"
"PPC30000","2019-01",71.2,"2026-08-26 16:01:36"
"PPC30000","2019-02",71.4,"2026-08-26 16:01:36"
"PPC30000","2019-03",72.3,"2026-08-26 16:01:36"
"PPC30000","2019-04",73.2,"2026-08-26 16:01:36"
"PPC30000","2019-05",73.7,"2026-08-26 16:01:36"
"PPC30000","2019-06",73.9,"2026-08-26 16:01:36"
"PPC30000","2019-07",73.8,"2026-08-26 16:01:36"
"PPC30000","2019-08",74,"2026-08-26 16:01:36"
"PPC30000","2019-09",74.1,"2026-08-26 16:01:36"
"PPC30000","2019-10",74.3,"2026-08-26 16:01:36"
"PPC30000","2019-11",74.1,"2026-08-26 16:01:36"
"PPC30000","2019-12",74.2,"2026-08-26 16:01:36"
"PPC30000","2020-01",74.5,"2026-08-26 16:01:36"
"PPC30000","2020-02",74.6,"2026-08-26 16:01:36"
"PPC30000","2020-03",74.7,"2026-08-26 16:01:36"
"PPC30000","2020-04",74.2,"2026-08-26 16:01:36"
"PPC30000","2020-05",73.9,"2026-08-26 16:01:36"
"PPC30000","2020-06",74.3,"2026-08-26 16:01:36"
"PPC30000","2020-07",75.2,"2026-08-26 16:01:36"
"PPC30000","2020-08",75.8,"2026-08-26 16:01:36"
"PPC30000","2020-09",76,"2026-08-26 16:01:36"
"PPC30000","2020-10",76.3,"2026-08-26 16:01:36"
"PPC30000","2020-11",76.3,"2026-08-26 16:01:36"
"PPC30000","2020-12",76.5,"2026-08-26 16:01:36"
"PPC30000","2021-01",77.1,"2026-08-26 16:01:36"
"PPC30000","2021-02",77.6,"2026-08-26 16:01:36"
"PPC30000","2021-03",78.6,"2026-08-26 16:01:36"
"PPC30000","2021-04",79.1,"2026-08-26 16:01:36"
"PPC30000","2021-05",79.4,"2026-08-26 16:01:36"
"PPC30000","2021-06",80,"2026-08-26 16:01:36"
"PPC30000","2021-07",80.6,"2026-08-26 16:01:36"
"PPC30000","2021-08",81.2,"2026-08-26 16:01:36"
"PPC30000","2021-09",82,"2026-08-26 16:01:36"
"PPC30000","2021-10",82.5,"2026-08-26 16:01:36"
"PPC30000","2021-11",83.6,"2026-08-26 16:01:36"
"PPC30000","2021-12",84.7,"2026-08-26 16:01:36"
"PPC30000","2022-01",84.9,"2026-08-26 16:01:36"
"PPC30000","2022-02",85.8,"2026-08-26 16:01:36"
"PPC30000","2022-03",87.9,"2026-08-26 16:01:36"
"PPC30000","2022-04",89.5,"2026-08-26 16:01:36"
"PPC30000","2022-05",91.1,"2026-08-26 16:01:36"
"PPC30000","2022-06",93,"2026-08-26 16:01:36"
"PPC30000","2022-07",95.1,"2026-08-26 16:01:36"
"PPC30000","2022-08",94.6,"2026-08-26 16:01:36"
"PPC30000","2022-09",95.3,"2026-08-26 16:01:36"
"PPC30000","2022-10",95.7,"2026-08-26 16:01:36"
"PPC30000","2022-11",96.2,"2026-08-26 16:01:36"
"PPC30000","2022-12",96.2,"2026-08-26 16:01:36"
"PPC30000","2023-01",95.6,"2026-08-26 16:01:36"
"PPC30000","2023-02",96.3,"2026-08-26 16:01:36"
"PPC30000","2023-03",97.2,"2026-08-26 16:01:36"
"PPC30000","2023-04",97.2,"2026-08-26 16:01:36"
"PPC30000","2023-05",97.8,"2026-08-26 16:01:36"
"PPC30000","2023-06",97.5,"2026-08-26 16:01:36"
"PPC30000","2023-07",97.7,"2026-08-26 16:01:36"
"PPC30000","2023-08",98.7,"2026-08-26 16:01:36"
"PPC30000","2023-09",100.2,"2026-08-26 16:01:36"
"PPC30000","2023-10",101.2,"2026-08-26 16:01:36"
"PPC30000","2023-11",100.6,"2026-08-26 16:01:36"
"PPC30000","2023-12",100,"2026-08-26 16:01:36"
"PPC30000","2024-01",100.1,"2026-08-26 16:01:36"
"PPC30000","2024-02",100.6,"2026-08-26 16:01:36"
"PPC30000","2024-03",101.7,"2026-08-26 16:01:36"
"PPC30000","2024-04",102.2,"2026-08-26 16:01:36"
"PPC30000","2024-05",102.3,"2026-08-26 16:01:36"
"PPC30000","2024-06",102,"2026-08-26 16:01:36"
"PPC30000","2024-07",101.8,"2026-08-26 16:01:36"
"PPC30000","2024-08",101.5,"2026-08-26 16:01:36"
"PPC30000","2024-09",101.2,"2026-08-26 16:01:36"
"PPC30000","2024-10",100.5,"2026-08-26 16:01:36"
"PPC30000","2024-11",100.5,"2026-08-26 16:01:36"
"PPC30000","2024-12",100.7,"2026-08-26 16:01:36"
"PPC30000","2025-01",101.2,"2026-08-26 16:01:36"
"PPC30000","2025-02",101.6,"2026-08-26 16:01:36"
"PPC30000","2025-03",102.2,"2026-08-26 16:01:36"
"PPC30000","2025-04",102.7,"2026-08-26 16:01:36"
"PPC30000","2025-05",102.4,"2026-08-26 16:01:36"
"PPC30000","2025-06",102.6,"2026-08-26 16:01:36"
"PPC30000","2025-07",103.3,"2026-08-26 16:01:36"
"PPC30000","2025-08",103.6,"2026-08-26 16:01:36"
"PPC30000","2025-09",103.5,"2026-08-26 16:01:36"
"PPC30000","2025-10",103.4,"2026-08-26 16:01:36"
"PPC30000","2025-11",103.4,"2026-08-26 16:01:36"
"PPC30000","2025-12",103.6,"2026-08-26 16:01:36"
"PPC30000","2026-01",103.4,"2026-08-26 16:01:36"
"PPC30000","2026-02",103.4,"2026-08-26 16:01:36"
"PPC30000","2026-03",104.5,"2026-08-26 16:01:36"
"PPC30000","2026-04",107.6,"2026-08-26 16:01:36"
"PPC30000","2026-05",110.4,"2026-08-26 16:01:36"
"PPC30000","2026-06",110.3,"2026-08-26 16:01:36"
"PPC30000","2026-07",109.2,"2026-08-27 09:40:10 UTC"
